opt_rank,start_idx,seed_metric,seed_J,best_J_opt,improvement,n_eval,layout_json
1,2,0.1062725514060932,0.10166637285574473,0.09367496617621643,0.007991406679528301,133,"[[0.5375153967077748, 0.4911151696517059], [0.6895890993505478, 0.2012452196511409], [0.6532367349682693, 0.4737367769720172], [0.4456900823759253, 0.9545964603158398], [0.6111535163031712, 0.6731626681030024], [0.8983793497857159, 0.45290255768898346], [0.4416061832165354, 0.7734727004786799], [0.2494154094391215, 0.6207287408720353]]"
2,1,0.105058791769953,0.10183643958701502,0.09481764738102147,0.0070187922059935515,121,"[[0.2558278938302379, 0.6426788950552496], [0.7803978207094101, 0.8437541990919335], [0.6034068850452928, 0.30530140759595087], [0.40026147266920814, 0.17626721831432798], [0.5617925306863661, 0.8328264002392916], [0.6488710314563528, 0.5479189116467811], [0.5683071049029877, 0.545324265176022], [0.30056196897934767, 0.44820779765951935]]"
3,3,0.1087163228883963,0.1028540850573304,0.09967836945610689,0.003175715601223511,97,"[[0.8271761729780918, 0.7339814657183763], [0.8459817656341985, 0.511017535824585], [0.8852102361182219, 0.4412957522595893], [0.37717614106046843, 0.7991755121022414], [0.5978491147155383, 0.4582059789314004], [0.5634930894627703, 0.1184039185859331], [0.26495800790018503, 0.7868626287161377], [0.5624440076383875, 0.628657533272203]]"
4,4,0.1092249749775671,0.10418725050030417,0.10286579010345873,0.001321460396845442,97,"[[0.6179944572312461, 0.6402196482159253], [0.10929697038448917, 0.5831947614606927], [0.3516432315320889, 0.9069578651880792], [0.6661917997299865, 0.98], [0.7498083828330379, 0.513461342350185], [0.7264363455391574, 0.2832282256394659], [0.18039282733092607, 0.43763030626454974], [0.7508664056245078, 0.7318685057302765]]"
5,5,0.1096115185982163,0.10541459698932609,0.10370141310600743,0.0017131838833186613,133,"[[0.47561730263677165, 0.28451332525973094], [0.5137915116293682, 0.633556462749554], [0.6411693034836556, 0.488462637934905], [0.34431753708576995, 0.9343647998501364], [0.7786044071236422, 0.30638524679723467], [0.17701778043629396, 0.5901976070539636], [0.6712890949249318, 0.7241146351550609], [0.4749443985650839, 0.9168154527494707]]"
