terrain,mean_err_3d,median_err_3d,p95_err_3d,valid_localization_rate,usable_event_rate,failed_detection,failed_localization,delta_edge,sigma_z
flat,0.00201829680738013,0.0017617459182371596,0.00436382095666555,0.44025,0.44025,1119.5,0.0,0.0,0.0
hill,0.0019938358023991994,0.0017555809660409218,0.004239964779617524,0.42089999999999994,0.42089999999999994,1158.2,0.0,0.0077382237592028115,0.03841199515526468
rough,0.001999443777070314,0.0017618875273569562,0.004279261531318629,0.4203,0.4203,1159.4,0.0,0.0035093142688778626,0.029008154500280835
