{
  "layout_xy": [
    [
      0.1502,
      0.8352
    ],
    [
      0.8513,
      0.831
    ],
    [
      0.4988,
      0.7016
    ],
    [
      0.299,
      0.4959
    ],
    [
      0.7241,
      0.4867
    ],
    [
      0.5078,
      0.2888
    ],
    [
      0.1515,
      0.1477
    ],
    [
      0.8525,
      0.1438
    ]
  ],
  "geometry_features": {
    "n_nodes": 8,
    "centroid_x": 0.5044,
    "centroid_y": 0.4913375,
    "mean_radius": 0.3502152017405049,
    "std_radius": 0.14078312155087144,
    "min_radius": 0.20256603591483444,
    "max_radius": 0.49365884870652327,
    "min_pairwise_dist": 0.28676214882721185,
    "mean_pairwise_dist": 0.5357048132050617,
    "nearest_neighbor_mean": 0.33021414048720077,
    "nearest_neighbor_std": 0.04044896688790963,
    "mean_dist_to_boundary": 0.2190625,
    "min_dist_to_boundary": 0.1438,
    "fraction_near_boundary_0p1L": 0.0,
    "fraction_near_boundary_0p15L": 0.375,
    "angular_gap_mean": 0.7853981633974483,
    "angular_gap_std": 0.0242973381732023,
    "max_angular_gap": 0.8225665009236964,
    "lambda1": 0.08344855399123509,
    "lambda2": 0.07937496011590775,
    "anisotropy": 1.0513208935082152
  },
  "valid": true,
  "failure_reason": null,
  "J_universal": 0.14035417085737095,
  "terrain_scores": {
    "flat": {
      "n_seed": 10,
      "mean_err_3d_post": 0.00201829680738013,
      "median_err_3d_post": 0.0017617459182371596,
      "p95_err_3d_post": 0.004363820956665551,
      "valid_localization_rate_post": 0.44025,
      "dgeom_star": 0.0,
      "delta_edge": 0.0,
      "sigma_z": 0.0,
      "deploy_resnorm": 0.0,
      "usable_event_rate": 0.44025,
      "J_t": 0.08617987985032072
    },
    "hill": {
      "n_seed": 10,
      "mean_err_3d_post": 0.001993835802399199,
      "median_err_3d_post": 0.0017555809660409222,
      "p95_err_3d_post": 0.004239964779617524,
      "valid_localization_rate_post": 0.42090000000000005,
      "dgeom_star": 0.7691703152411249,
      "delta_edge": 0.007738223759202812,
      "sigma_z": 0.038411995155264674,
      "deploy_resnorm": 0.01689256678287513,
      "usable_event_rate": 0.42090000000000005,
      "J_t": 0.16595124706907738
    },
    "rough": {
      "n_seed": 10,
      "mean_err_3d_post": 0.001999443777070314,
      "median_err_3d_post": 0.0017618875273569558,
      "p95_err_3d_post": 0.004279261531318629,
      "valid_localization_rate_post": 0.4203,
      "dgeom_star": 0.5419578128193118,
      "delta_edge": 0.0035093142688778626,
      "sigma_z": 0.029008154500280835,
      "deploy_resnorm": 0.007841477252043974,
      "usable_event_rate": 0.4203,
      "J_t": 0.1433343094410084
    }
  },
  "config_used": {
    "L": 1.0,
    "V_EFF": 1.0,
    "SIGMA_T": 0.002,
    "N_EVENTS": 2000,
    "N_SEEDS": 10,
    "MONTE_CARLO_BASE_SEED": 20260317,
    "SHARE_EVENT_BANK_ACROSS_TERRAINS": true,
    "REF_STRATEGY": "max_snr",
    "WEIGHT_STRATEGY": "snr",
    "MIN_DETECT": 4,
    "K_EDGE": 1.0,
    "K_CENTROID": 40.0,
    "K_ORIENT": 20.0,
    "K_DRIFT": 0.1,
    "HILL_AMP": 0.14,
    "HILL_SIGMA": 0.22,
    "HILL_XC": 0.55,
    "HILL_YC": 0.5,
    "HILL_RANDOMIZE": true,
    "HILL_AMP_RANGE": [
      0.08,
      0.2
    ],
    "HILL_SIGMA_RANGE": [
      0.16,
      0.3
    ],
    "HILL_XC_RANGE": [
      0.3,
      0.7
    ],
    "HILL_YC_RANGE": [
      0.3,
      0.7
    ],
    "ROUGH_RMS": 0.03,
    "ROUGH_CORR_LEN": 0.18,
    "ROUGH_GRID_N": 129,
    "ROUGH_RANDOMIZE": true,
    "TERRAIN_MASTER_SEED": 20260318,
    "T0_MIN": 0.0,
    "T0_MAX": 0.2,
    "GEO_GRID_N": 41,
    "GEO_CONNECTIVITY": 8,
    "SEARCH_GRID_N": 15,
    "N_MULTI_START": 6,
    "A0": 0.4,
    "D0": 0.05,
    "SPREAD_P": 1.35,
    "ALPHA_ATTEN": 2.0,
    "A_NOISE": 0.2,
    "SNR_THRESHOLD": 2.0,
    "LOCAL_COUPLING_MODE": "none",
    "ETA_LOG_STD": 0.15,
    "LEAST_SQUARES_MAX_NFEV": 250,
    "LEAST_SQUARES_TOL": 1e-08,
    "DGEOM_W_EDGE": 0.5,
    "DGEOM_W_HEIGHT": 0.5,
    "DGEOM_EDGE_MEAN": 0.0,
    "DGEOM_EDGE_STD": 0.03,
    "DGEOM_HEIGHT_MEAN": 0.0,
    "DGEOM_HEIGHT_STD": 0.03,
    "VALIDATION_MIN_PAIRWISE_SEP": 0.08,
    "VALIDATION_BOUNDARY_MARGIN": 0.02,
    "VALIDATION_MIN_HULL_AREA": 0.08,
    "FAILURE_PENALTY_ERR_SCALE": 2.0,
    "INVALID_LAYOUT_RETURNS_PENALTY": true,
    "INVALID_LAYOUT_PENALTY": 1000000.0,
    "OBJECTIVE_NAN_PENALTY": 1000000.0
  }
}