terrain,n_seed,mean_err_3d_post,median_err_3d_post,p95_err_3d_post,valid_localization_rate_post,dgeom_star,delta_edge,sigma_z,deploy_resnorm,usable_event_rate,J_t
flat,10,0.00201829680738013,0.0017617459182371596,0.004363820956665551,0.44025,0.0,0.0,0.0,0.0,0.44025,0.08617987985032072
hill,10,0.001993835802399199,0.0017555809660409222,0.004239964779617524,0.42090000000000005,0.7691703152411249,0.007738223759202812,0.038411995155264674,0.01689256678287513,0.42090000000000005,0.16595124706907738
rough,10,0.001999443777070314,0.0017618875273569558,0.004279261531318629,0.4203,0.5419578128193118,0.0035093142688778626,0.029008154500280835,0.007841477252043974,0.4203,0.1433343094410084
